STATE,YYYYMM,NET CHANGE
AA,2019-03-01,23
AA,2019-06-01,-41
AA,2019-07-01,50
AA,2019-08-01,23
AA,2019-09-01,19
AA,2020-04-01,0
AA,2020-06-01,-14
AA,2020-07-01,2
AA,2020-08-01,16
AA,2020-09-01,15
AA,2020-10-01,12
AA,2020-11-01,15
AA,2020-12-01,0
AA,2021-01-01,0
AA,2021-02-01,0
AA,2021-03-01,0
AA,2021-05-01,0
AA,2021-06-01,-14
AA,2021-07-01,9
AA,2021-08-01,15
AA,2021-09-01,0
AA,2021-10-01,0
AA,2021-11-01,0
AA,2021-12-01,0
AA,2022-02-01,0
AA,2022-03-01,15
AA,2022-04-01,0
AA,2022-05-01,0
AA,2022-06-01,-15
AA,2022-07-01,27
AA,2022-08-01,15
AA,2023-01-01,-14
AA,2023-02-01,-23
AE,2018-12-01,-120
AE,2019-03-01,519
AE,2019-04-01,515
AE,2019-05-01,-1881
AE,2019-06-01,-840
AE,2019-07-01,-1354
AE,2019-08-01,-714
AE,2019-09-01,-956
AE,2019-10-01,-891
AE,2019-11-01,-779
AE,2019-12-01,-883
AE,2020-01-01,-1278
AE,2020-02-01,-841
AE,2020-03-01,-644
AE,2020-04-01,-302
AE,2020-05-01,-547
AE,2020-06-01,-1154
AE,2020-07-01,-1723
AE,2020-08-01,-1213
AE,2020-09-01,-991
AE,2020-10-01,-971
AE,2020-11-01,-808
AE,2020-12-01,-838
AE,2021-01-01,-741
AE,2021-02-01,-922
AE,2021-03-01,-800
AE,2021-04-01,-924
AE,2021-05-01,-1091
AE,2021-06-01,-1442
AE,2021-07-01,-1340
AE,2021-08-01,-933
AE,2021-09-01,-742
AE,2021-10-01,-746
AE,2021-11-01,-806
AE,2021-12-01,-728
AE,2022-01-01,-655
AE,2022-02-01,-557
AE,2022-03-01,-848
AE,2022-04-01,-825
AE,2022-05-01,-983
AE,2022-06-01,-1407
AE,2022-07-01,-1141
AE,2022-08-01,-23
AE,2022-09-01,485
AE,2022-10-01,384
AE,2022-11-01,433
AE,2022-12-01,381
AE,2023-01-01,-769
AE,2023-02-01,-766
AK,2018-12-01,-422
AK,2019-03-01,-387
AK,2019-04-01,-411
AK,2019-05-01,-595
AK,2019-06-01,-584
AK,2019-07-01,-662
AK,2019-08-01,-832
AK,2019-09-01,-1082
AK,2019-10-01,-956
AK,2019-11-01,-440
AK,2019-12-01,-244
AK,2020-01-01,-491
AK,2020-02-01,-380
AK,2020-03-01,-34
AK,2020-04-01,-41
AK,2020-05-01,6
AK,2020-06-01,-175
AK,2020-07-01,-594
AK,2020-08-01,-602
AK,2020-09-01,-626
AK,2020-10-01,-518
AK,2020-11-01,-368
AK,2020-12-01,-384
AK,2021-01-01,-297
AK,2021-02-01,-345
AK,2021-03-01,-204
AK,2021-04-01,-99
AK,2021-05-01,-420
AK,2021-06-01,-791
AK,2021-07-01,-612
AK,2021-08-01,-984
AK,2021-09-01,-869
AK,2021-10-01,-736
AK,2021-11-01,-508
AK,2021-12-01,-450
AK,2022-01-01,-518
AK,2022-02-01,-528
AK,2022-03-01,-460
AK,2022-04-01,-556
AK,2022-05-01,-518
AK,2022-06-01,-647
AK,2022-07-01,-799
AK,2022-08-01,-955
AK,2022-09-01,-1262
AK,2022-10-01,-1027
AK,2022-11-01,-581
AK,2022-12-01,-533
AK,2023-01-01,-625
AK,2023-02-01,-369
AL,2018-12-01,-1099
AL,2019-03-01,-3183
AL,2019-04-01,-2147
AL,2019-05-01,-1743
AL,2019-06-01,-1602
AL,2019-07-01,-1165
AL,2019-08-01,-2133
AL,2019-09-01,-2001
AL,2019-10-01,-2179
AL,2019-11-01,-1044
AL,2019-12-01,-834
AL,2020-01-01,-1044
AL,2020-02-01,-1723
AL,2020-03-01,-1692
AL,2020-04-01,-651
AL,2020-05-01,-537
AL,2020-06-01,4
AL,2020-07-01,-53
AL,2020-08-01,-20
AL,2020-09-01,-373
AL,2020-10-01,-618
AL,2020-11-01,-315
AL,2020-12-01,215
AL,2021-01-01,-73
AL,2021-02-01,-992
AL,2021-03-01,-1489
AL,2021-04-01,-445
AL,2021-05-01,-1323
AL,2021-06-01,-1217
AL,2021-07-01,-403
AL,2021-08-01,-818
AL,2021-09-01,-939
AL,2021-10-01,-860
AL,2021-11-01,-1034
AL,2021-12-01,-685
AL,2022-01-01,-1008
AL,2022-02-01,-1783
AL,2022-03-01,-2743
AL,2022-04-01,-1406
AL,2022-05-01,-1438
AL,2022-06-01,-447
AL,2022-07-01,-541
AL,2022-08-01,-1263
AL,2022-09-01,-1577
AL,2022-10-01,-1518
AL,2022-11-01,-867
AL,2022-12-01,-1247
AL,2023-01-01,-1616
AL,2023-02-01,-3088
AP,2018-12-01,35
AP,2019-03-01,318
AP,2019-04-01,312
AP,2019-05-01,-953
AP,2019-06-01,-767
AP,2019-07-01,-501
AP,2019-08-01,-479
AP,2019-09-01,-449
AP,2019-10-01,-382
AP,2019-11-01,-461
AP,2019-12-01,-687
AP,2020-01-01,-385
AP,2020-02-01,-594
AP,2020-03-01,-425
AP,2020-04-01,-126
AP,2020-05-01,-308
AP,2020-06-01,-1078
AP,2020-07-01,-2055
AP,2020-08-01,-1251
AP,2020-09-01,-1064
AP,2020-10-01,-1082
AP,2020-11-01,-942
AP,2020-12-01,-1111
AP,2021-01-01,-887
AP,2021-02-01,-799
AP,2021-03-01,-622
AP,2021-04-01,-672
AP,2021-05-01,-1001
AP,2021-06-01,-1769
AP,2021-07-01,-1636
AP,2021-08-01,-1378
AP,2021-09-01,-1093
AP,2021-10-01,-925
AP,2021-11-01,-1025
AP,2021-12-01,-971
AP,2022-01-01,-709
AP,2022-02-01,-919
AP,2022-03-01,-1105
AP,2022-04-01,-952
AP,2022-05-01,-1234
AP,2022-06-01,-1740
AP,2022-07-01,-1547
AP,2022-08-01,-451
AP,2022-09-01,395
AP,2022-10-01,369
AP,2022-11-01,265
AP,2022-12-01,193
AP,2023-01-01,-1069
AP,2023-02-01,-904
AR,2018-12-01,-2386
AR,2019-03-01,-2617
AR,2019-04-01,-2208
AR,2019-05-01,-2260
AR,2019-06-01,-2365
AR,2019-07-01,-2673
AR,2019-08-01,-2504
AR,2019-09-01,-2197
AR,2019-10-01,-2296
AR,2019-11-01,-1971
AR,2019-12-01,-1961
AR,2020-01-01,-2372
AR,2020-02-01,-2299
AR,2020-03-01,-1511
AR,2020-04-01,-883
AR,2020-05-01,-845
AR,2020-06-01,-707
AR,2020-07-01,-1094
AR,2020-08-01,-690
AR,2020-09-01,-939
AR,2020-10-01,-1205
AR,2020-11-01,-984
AR,2020-12-01,-666
AR,2021-01-01,-800
AR,2021-02-01,-663
AR,2021-03-01,-1021
AR,2021-04-01,-1565
AR,2021-05-01,-1506
AR,2021-06-01,-1824
AR,2021-07-01,-1973
AR,2021-08-01,-1508
AR,2021-09-01,-1445
AR,2021-10-01,-1799
AR,2021-11-01,-1908
AR,2021-12-01,-1498
AR,2022-01-01,-1471
AR,2022-02-01,-1542
AR,2022-03-01,-2832
AR,2022-04-01,-2161
AR,2022-05-01,-1290
AR,2022-06-01,-1626
AR,2022-07-01,-1687
AR,2022-08-01,-1721
AR,2022-09-01,-2108
AR,2022-10-01,-2166
AR,2022-11-01,-2107
AR,2022-12-01,-1873
AR,2023-01-01,-2643
AR,2023-02-01,-2467
AS,2019-05-01,-11
AS,2019-06-01,-13
AS,2019-07-01,3
AS,2019-08-01,0
AS,2019-09-01,11
AS,2019-11-01,0
AS,2019-12-01,0
AS,2020-01-01,-11
AS,2021-01-01,14
AS,2021-04-01,12
AS,2021-07-01,16
AS,2021-08-01,12
AS,2021-09-01,14
AS,2022-07-01,-11
AS,2022-10-01,0
AS,2022-11-01,0
AS,2022-12-01,-1
AZ,2018-12-01,856
AZ,2019-03-01,-6526
AZ,2019-04-01,-12267
AZ,2019-05-01,-4143
AZ,2019-06-01,2250
AZ,2019-07-01,3953
AZ,2019-08-01,3314
AZ,2019-09-01,4752
AZ,2019-10-01,5714
AZ,2019-11-01,2180
AZ,2019-12-01,1233
AZ,2020-01-01,777
AZ,2020-02-01,-1225
AZ,2020-03-01,-7170
AZ,2020-04-01,-4035
AZ,2020-05-01,-3653
AZ,2020-06-01,1290
AZ,2020-07-01,2908
AZ,2020-08-01,3054
AZ,2020-09-01,4396
AZ,2020-10-01,4964
AZ,2020-11-01,2556
AZ,2020-12-01,1707
AZ,2021-01-01,1898
AZ,2021-02-01,192
AZ,2021-03-01,-3563
AZ,2021-04-01,-8625
AZ,2021-05-01,-4203
AZ,2021-06-01,795
AZ,2021-07-01,1180
AZ,2021-08-01,1014
AZ,2021-09-01,2577
AZ,2021-10-01,2657
AZ,2021-11-01,-473
AZ,2021-12-01,-346
AZ,2022-01-01,-1199
AZ,2022-02-01,-1780
AZ,2022-03-01,-7173
AZ,2022-04-01,-12162
AZ,2022-05-01,-6713
AZ,2022-06-01,-1951
AZ,2022-07-01,-1995
AZ,2022-08-01,-1966
AZ,2022-09-01,525
AZ,2022-10-01,1079
AZ,2022-11-01,-1535
AZ,2022-12-01,-2532
AZ,2023-01-01,-2301
AZ,2023-02-01,-3706
CA,2018-12-01,-15635
CA,2019-03-01,-26831
CA,2019-04-01,-21418
CA,2019-05-01,-17518
CA,2019-06-01,-23284
CA,2019-07-01,-21133
CA,2019-08-01,-21582
CA,2019-09-01,-18745
CA,2019-10-01,-19022
CA,2019-11-01,-17637
CA,2019-12-01,-15662
CA,2020-01-01,-16339
CA,2020-02-01,-16476
CA,2020-03-01,-21154
CA,2020-04-01,-14493
CA,2020-05-01,-15064
CA,2020-06-01,-20343
CA,2020-07-01,-24210
CA,2020-08-01,-28520
CA,2020-09-01,-29367
CA,2020-10-01,-30809
CA,2020-11-01,-25076
CA,2020-12-01,-25418
CA,2021-01-01,-24441
CA,2021-02-01,-23251
CA,2021-03-01,-27530
CA,2021-04-01,-24856
CA,2021-05-01,-23052
CA,2021-06-01,-30678
CA,2021-07-01,-28379
CA,2021-08-01,-27153
CA,2021-09-01,-23413
CA,2021-10-01,-24419
CA,2021-11-01,-24430
CA,2021-12-01,-22348
CA,2022-01-01,-20176
CA,2022-02-01,-20555
CA,2022-03-01,-26194
CA,2022-04-01,-26569
CA,2022-05-01,-21965
CA,2022-06-01,-29276
CA,2022-07-01,-23905
CA,2022-08-01,-24574
CA,2022-09-01,-20624
CA,2022-10-01,-20645
CA,2022-11-01,-18792
CA,2022-12-01,-16925
CA,2023-01-01,-16511
CA,2023-02-01,-16296
CO,2018-12-01,-2175
CO,2019-03-01,-3115
CO,2019-04-01,-2942
CO,2019-05-01,-3680
CO,2019-06-01,-2275
CO,2019-07-01,-1785
CO,2019-08-01,-3579
CO,2019-09-01,-3454
CO,2019-10-01,-4237
CO,2019-11-01,-2780
CO,2019-12-01,-2038
CO,2020-01-01,-3153
CO,2020-02-01,-2610
CO,2020-03-01,-3613
CO,2020-04-01,-3448
CO,2020-05-01,-1135
CO,2020-06-01,-1473
CO,2020-07-01,-1802
CO,2020-08-01,-1156
CO,2020-09-01,-1625
CO,2020-10-01,-2228
CO,2020-11-01,-2065
CO,2020-12-01,-2147
CO,2021-01-01,-2041
CO,2021-02-01,-3259
CO,2021-03-01,-3508
CO,2021-04-01,-2236
CO,2021-05-01,-4988
CO,2021-06-01,-4373
CO,2021-07-01,-4357
CO,2021-08-01,-4528
CO,2021-09-01,-5992
CO,2021-10-01,-5826
CO,2021-11-01,-5395
CO,2021-12-01,-4138
CO,2022-01-01,-2842
CO,2022-02-01,-3555
CO,2022-03-01,-4139
CO,2022-04-01,-4389
CO,2022-05-01,-5284
CO,2022-06-01,-4680
CO,2022-07-01,-4080
CO,2022-08-01,-5260
CO,2022-09-01,-4764
CO,2022-10-01,-3799
CO,2022-11-01,-3254
CO,2022-12-01,-3091
CO,2023-01-01,-2234
CO,2023-02-01,-3583
CT,2018-12-01,-1375
CT,2019-03-01,-785
CT,2019-04-01,-156
CT,2019-05-01,-708
CT,2019-06-01,-2217
CT,2019-07-01,-2090
CT,2019-08-01,-2020
CT,2019-09-01,-2249
CT,2019-10-01,-2420
CT,2019-11-01,-1454
CT,2019-12-01,-1599
CT,2020-01-01,-1410
CT,2020-02-01,-847
CT,2020-03-01,430
CT,2020-04-01,557
CT,2020-05-01,1118
CT,2020-06-01,417
CT,2020-07-01,127
CT,2020-08-01,385
CT,2020-09-01,-56
CT,2020-10-01,-694
CT,2020-11-01,-92
CT,2020-12-01,-213
CT,2021-01-01,-69
CT,2021-02-01,-102
CT,2021-03-01,91
CT,2021-04-01,66
CT,2021-05-01,-436
CT,2021-06-01,-1243
CT,2021-07-01,-1800
CT,2021-08-01,-1618
CT,2021-09-01,-1806
CT,2021-10-01,-1929
CT,2021-11-01,-1269
CT,2021-12-01,-1193
CT,2022-01-01,-731
CT,2022-02-01,-563
CT,2022-03-01,-330
CT,2022-04-01,5
CT,2022-05-01,-294
CT,2022-06-01,-1673
CT,2022-07-01,-1549
CT,2022-08-01,-579
CT,2022-09-01,-1712
CT,2022-10-01,-1801
CT,2022-11-01,-968
CT,2022-12-01,-533
CT,2023-01-01,-786
CT,2023-02-01,-886
DC,2018-12-01,-1022
DC,2019-03-01,-819
DC,2019-04-01,-1056
DC,2019-05-01,-1093
DC,2019-06-01,-1096
DC,2019-07-01,-1138
DC,2019-08-01,-1280
DC,2019-09-01,-918
DC,2019-10-01,-946
DC,2019-11-01,-832
DC,2019-12-01,-1068
DC,2020-01-01,-783
DC,2020-02-01,-847
DC,2020-03-01,-1218
DC,2020-04-01,-1407
DC,2020-05-01,-1837
DC,2020-06-01,-1940
DC,2020-07-01,-2519
DC,2020-08-01,-2711
DC,2020-09-01,-2623
DC,2020-10-01,-2448
DC,2020-11-01,-2029
DC,2020-12-01,-1887
DC,2021-01-01,-1621
DC,2021-02-01,-1254
DC,2021-03-01,-1576
DC,2021-04-01,-1225
DC,2021-05-01,-1132
DC,2021-06-01,-1206
DC,2021-07-01,-853
DC,2021-08-01,-506
DC,2021-09-01,-533
DC,2021-10-01,-708
DC,2021-11-01,-893
DC,2021-12-01,-905
DC,2022-01-01,-615
DC,2022-02-01,-769
DC,2022-03-01,-878
DC,2022-04-01,-972
DC,2022-05-01,-1302
DC,2022-06-01,-1190
DC,2022-07-01,-1125
DC,2022-08-01,-858
DC,2022-09-01,-831
DC,2022-10-01,-846
DC,2022-11-01,-810
DC,2022-12-01,-941
DC,2023-01-01,-689
DC,2023-02-01,-607
DE,2018-12-01,285
DE,2019-03-01,391
DE,2019-04-01,481
DE,2019-05-01,472
DE,2019-06-01,597
DE,2019-07-01,352
DE,2019-08-01,317
DE,2019-09-01,178
DE,2019-10-01,144
DE,2019-11-01,268
DE,2019-12-01,149
DE,2020-01-01,242
DE,2020-02-01,113
DE,2020-03-01,771
DE,2020-04-01,824
DE,2020-05-01,796
DE,2020-06-01,711
DE,2020-07-01,914
DE,2020-08-01,747
DE,2020-09-01,829
DE,2020-10-01,546
DE,2020-11-01,766
DE,2020-12-01,771
DE,2021-01-01,616
DE,2021-02-01,378
DE,2021-03-01,647
DE,2021-04-01,636
DE,2021-05-01,503
DE,2021-06-01,529
DE,2021-07-01,461
DE,2021-08-01,506
DE,2021-09-01,478
DE,2021-10-01,363
DE,2021-11-01,-1
DE,2021-12-01,361
DE,2022-01-01,395
DE,2022-02-01,405
DE,2022-03-01,462
DE,2022-04-01,343
DE,2022-05-01,729
DE,2022-06-01,746
DE,2022-07-01,431
DE,2022-08-01,354
DE,2022-09-01,226
DE,2022-10-01,-55
DE,2022-11-01,274
DE,2022-12-01,79
DE,2023-01-01,255
DE,2023-02-01,-147
FL,2018-12-01,1745
FL,2019-03-01,-23654
FL,2019-04-01,-46781
FL,2019-05-01,-17557
FL,2019-06-01,1893
FL,2019-07-01,5639
FL,2019-08-01,7696
FL,2019-09-01,14265
FL,2019-10-01,20398
FL,2019-11-01,6012
FL,2019-12-01,4780
FL,2020-01-01,-101
FL,2020-02-01,-6215
FL,2020-03-01,-31188
FL,2020-04-01,-18609
FL,2020-05-01,-12451
FL,2020-06-01,-493
FL,2020-07-01,6919
FL,2020-08-01,10241
FL,2020-09-01,15514
FL,2020-10-01,23578
FL,2020-11-01,11609
FL,2020-12-01,10481
FL,2021-01-01,6147
FL,2021-02-01,2838
FL,2021-03-01,-5532
FL,2021-04-01,-21225
FL,2021-05-01,-7214
FL,2021-06-01,10038
FL,2021-07-01,14741
FL,2021-08-01,14944
FL,2021-09-01,19605
FL,2021-10-01,25303
FL,2021-11-01,10638
FL,2021-12-01,8453
FL,2022-01-01,5961
FL,2022-02-01,-1018
FL,2022-03-01,-17597
FL,2022-04-01,-32870
FL,2022-05-01,-11815
FL,2022-06-01,3653
FL,2022-07-01,4497
FL,2022-08-01,3816
FL,2022-09-01,11082
FL,2022-10-01,13984
FL,2022-11-01,-1473
FL,2022-12-01,-4134
FL,2023-01-01,-8134
FL,2023-02-01,-12845
GA,2018-12-01,-2332
GA,2019-03-01,-3637
GA,2019-04-01,-3113
GA,2019-05-01,-3518
GA,2019-06-01,-930
GA,2019-07-01,-777
GA,2019-08-01,-3036
GA,2019-09-01,-2716
GA,2019-10-01,-2909
GA,2019-11-01,-2355
GA,2019-12-01,-2022
GA,2020-01-01,-3310
GA,2020-02-01,-3027
GA,2020-03-01,-2416
GA,2020-04-01,-742
GA,2020-05-01,-150
GA,2020-06-01,1900
GA,2020-07-01,1160
GA,2020-08-01,968
GA,2020-09-01,5
GA,2020-10-01,-512
GA,2020-11-01,278
GA,2020-12-01,1446
GA,2021-01-01,891
GA,2021-02-01,-169
GA,2021-03-01,481
GA,2021-04-01,731
GA,2021-05-01,-697
GA,2021-06-01,126
GA,2021-07-01,1465
GA,2021-08-01,-413
GA,2021-09-01,-166
GA,2021-10-01,-942
GA,2021-11-01,-1244
GA,2021-12-01,-1173
GA,2022-01-01,-316
GA,2022-02-01,-1622
GA,2022-03-01,-2779
GA,2022-04-01,-2487
GA,2022-05-01,-1280
GA,2022-06-01,35
GA,2022-07-01,429
GA,2022-08-01,-1951
GA,2022-09-01,-2044
GA,2022-10-01,-1907
GA,2022-11-01,-2865
GA,2022-12-01,-2591
GA,2023-01-01,-3261
GA,2023-02-01,-4082
GU,2018-12-01,-9
GU,2019-03-01,-69
GU,2019-04-01,-32
GU,2019-05-01,-45
GU,2019-06-01,-81
GU,2019-07-01,-77
GU,2019-08-01,-89
GU,2019-09-01,-10
GU,2019-10-01,1
GU,2019-11-01,-9
GU,2019-12-01,53
GU,2020-01-01,-31
GU,2020-02-01,-118
GU,2020-03-01,4
GU,2020-04-01,-29
GU,2020-05-01,-13
GU,2020-06-01,-68
GU,2020-07-01,-57
GU,2020-08-01,-57
GU,2020-09-01,-32
GU,2020-10-01,-40
GU,2020-11-01,-29
GU,2020-12-01,-61
GU,2021-01-01,-24
GU,2021-02-01,-42
GU,2021-03-01,-47
GU,2021-04-01,31
GU,2021-05-01,-37
GU,2021-06-01,-110
GU,2021-07-01,-72
GU,2021-08-01,-47
GU,2021-09-01,-38
GU,2021-10-01,-4
GU,2021-11-01,-33
GU,2021-12-01,-16
GU,2022-01-01,-4
GU,2022-02-01,-65
GU,2022-03-01,-42
GU,2022-04-01,-2
GU,2022-05-01,-40
GU,2022-06-01,-99
GU,2022-07-01,-37
GU,2022-08-01,-32
GU,2022-09-01,-17
GU,2022-10-01,-22
GU,2022-11-01,13
GU,2022-12-01,-19
GU,2023-01-01,-41
GU,2023-02-01,-37
HI,2018-12-01,-2231
HI,2019-03-01,-2170
HI,2019-04-01,-2804
HI,2019-05-01,-2350
HI,2019-06-01,-2201
HI,2019-07-01,-2171
HI,2019-08-01,-2046
HI,2019-09-01,-1705
HI,2019-10-01,-1876
HI,2019-11-01,-1799
HI,2019-12-01,-1917
HI,2020-01-01,-1518
HI,2020-02-01,-2431
HI,2020-03-01,-2110
HI,2020-04-01,-1349
HI,2020-05-01,-1497
HI,2020-06-01,-1512
HI,2020-07-01,-1545
HI,2020-08-01,-1220
HI,2020-09-01,-1165
HI,2020-10-01,-1276
HI,2020-11-01,-1012
HI,2020-12-01,-1570
HI,2021-01-01,-1158
HI,2021-02-01,-1364
HI,2021-03-01,-1667
HI,2021-04-01,-1832
HI,2021-05-01,-1930
HI,2021-06-01,-2167
HI,2021-07-01,-1590
HI,2021-08-01,-1450
HI,2021-09-01,-1423
HI,2021-10-01,-1691
HI,2021-11-01,-1898
HI,2021-12-01,-1765
HI,2022-01-01,-1574
HI,2022-02-01,-1710
HI,2022-03-01,-2231
HI,2022-04-01,-1845
HI,2022-05-01,-1863
HI,2022-06-01,-1709
HI,2022-07-01,-1339
HI,2022-08-01,-1419
HI,2022-09-01,-1126
HI,2022-10-01,-1432
HI,2022-11-01,-1094
HI,2022-12-01,-1412
HI,2023-01-01,-1099
HI,2023-02-01,-1493
IA,2018-12-01,-3789
IA,2019-03-01,-2773
IA,2019-04-01,-2658
IA,2019-05-01,-3604
IA,2019-06-01,-4822
IA,2019-07-01,-5479
IA,2019-08-01,-5911
IA,2019-09-01,-4342
IA,2019-10-01,-4601
IA,2019-11-01,-3893
IA,2019-12-01,-3147
IA,2020-01-01,-3140
IA,2020-02-01,-2903
IA,2020-03-01,-898
IA,2020-04-01,-1251
IA,2020-05-01,-1377
IA,2020-06-01,-2295
IA,2020-07-01,-3085
IA,2020-08-01,-2662
IA,2020-09-01,-2711
IA,2020-10-01,-3069
IA,2020-11-01,-2624
IA,2020-12-01,-2163
IA,2021-01-01,-1966
IA,2021-02-01,-1461
IA,2021-03-01,-1361
IA,2021-04-01,-461
IA,2021-05-01,-2982
IA,2021-06-01,-3779
IA,2021-07-01,-4202
IA,2021-08-01,-3463
IA,2021-09-01,-3121
IA,2021-10-01,-3565
IA,2021-11-01,-3033
IA,2021-12-01,-3015
IA,2022-01-01,-2544
IA,2022-02-01,-2522
IA,2022-03-01,-1710
IA,2022-04-01,-1734
IA,2022-05-01,-2782
IA,2022-06-01,-3488
IA,2022-07-01,-3264
IA,2022-08-01,-3464
IA,2022-09-01,-3667
IA,2022-10-01,-3323
IA,2022-11-01,-2750
IA,2022-12-01,-2447
IA,2023-01-01,-2698
IA,2023-02-01,-2777
ID,2018-12-01,-534
ID,2019-03-01,-195
ID,2019-04-01,-44
ID,2019-05-01,118
ID,2019-06-01,571
ID,2019-07-01,4
ID,2019-08-01,-85
ID,2019-09-01,-587
ID,2019-10-01,-611
ID,2019-11-01,-522
ID,2019-12-01,-536
ID,2020-01-01,-718
ID,2020-02-01,-729
ID,2020-03-01,781
ID,2020-04-01,820
ID,2020-05-01,1277
ID,2020-06-01,1425
ID,2020-07-01,1099
ID,2020-08-01,1725
ID,2020-09-01,1539
ID,2020-10-01,1306
ID,2020-11-01,1131
ID,2020-12-01,719
ID,2021-01-01,760
ID,2021-02-01,-243
ID,2021-03-01,375
ID,2021-04-01,577
ID,2021-05-01,253
ID,2021-06-01,387
ID,2021-07-01,-280
ID,2021-08-01,-412
ID,2021-09-01,-886
ID,2021-10-01,-732
ID,2021-11-01,-701
ID,2021-12-01,-85
ID,2022-01-01,45
ID,2022-02-01,-715
ID,2022-03-01,-371
ID,2022-04-01,-81
ID,2022-05-01,-199
ID,2022-06-01,-133
ID,2022-07-01,-928
ID,2022-08-01,-1312
ID,2022-09-01,-1477
ID,2022-10-01,-1435
ID,2022-11-01,-825
ID,2022-12-01,-894
ID,2023-01-01,-1128
ID,2023-02-01,-1244
IL,2018-12-01,-8019
IL,2019-03-01,-7957
IL,2019-04-01,-7090
IL,2019-05-01,-9612
IL,2019-06-01,-13114
IL,2019-07-01,-14160
IL,2019-08-01,-14673
IL,2019-09-01,-11547
IL,2019-10-01,-11622
IL,2019-11-01,-9092
IL,2019-12-01,-8162
IL,2020-01-01,-8182
IL,2020-02-01,-7266
IL,2020-03-01,-6632
IL,2020-04-01,-5112
IL,2020-05-01,-6352
IL,2020-06-01,-8436
IL,2020-07-01,-11073
IL,2020-08-01,-11277
IL,2020-09-01,-10160
IL,2020-10-01,-10744
IL,2020-11-01,-8884
IL,2020-12-01,-8820
IL,2021-01-01,-6706
IL,2021-02-01,-5804
IL,2021-03-01,-7261
IL,2021-04-01,-6144
IL,2021-05-01,-9336
IL,2021-06-01,-12968
IL,2021-07-01,-12035
IL,2021-08-01,-11221
IL,2021-09-01,-10150
IL,2021-10-01,-10137
IL,2021-11-01,-9030
IL,2021-12-01,-8512
IL,2022-01-01,-6825
IL,2022-02-01,-6051
IL,2022-03-01,-7747
IL,2022-04-01,-6447
IL,2022-05-01,-7823
IL,2022-06-01,-11236
IL,2022-07-01,-10275
IL,2022-08-01,-11285
IL,2022-09-01,-9457
IL,2022-10-01,-8347
IL,2022-11-01,-7124
IL,2022-12-01,-6420
IL,2023-01-01,-6829
IL,2023-02-01,-5634
IN,2018-12-01,-6542
IN,2019-03-01,-5763
IN,2019-04-01,-4430
IN,2019-05-01,-6315
IN,2019-06-01,-7672
IN,2019-07-01,-8474
IN,2019-08-01,-10223
IN,2019-09-01,-8687
IN,2019-10-01,-9168
IN,2019-11-01,-6994
IN,2019-12-01,-6207
IN,2020-01-01,-6533
IN,2020-02-01,-6844
IN,2020-03-01,-3333
IN,2020-04-01,-3210
IN,2020-05-01,-2325
IN,2020-06-01,-3392
IN,2020-07-01,-4188
IN,2020-08-01,-3889
IN,2020-09-01,-4760
IN,2020-10-01,-5692
IN,2020-11-01,-4892
IN,2020-12-01,-3783
IN,2021-01-01,-3689
IN,2021-02-01,-3627
IN,2021-03-01,-2920
IN,2021-04-01,-1684
IN,2021-05-01,-6589
IN,2021-06-01,-8876
IN,2021-07-01,-8103
IN,2021-08-01,-8082
IN,2021-09-01,-7129
IN,2021-10-01,-7678
IN,2021-11-01,-6698
IN,2021-12-01,-4712
IN,2022-01-01,-3552
IN,2022-02-01,-3781
IN,2022-03-01,-4774
IN,2022-04-01,-3531
IN,2022-05-01,-4342
IN,2022-06-01,-6717
IN,2022-07-01,-7087
IN,2022-08-01,-8133
IN,2022-09-01,-7659
IN,2022-10-01,-8249
IN,2022-11-01,-6665
IN,2022-12-01,-5438
IN,2023-01-01,-6457
IN,2023-02-01,-6719
KS,2018-12-01,-4433
KS,2019-03-01,-4813
KS,2019-04-01,-4570
KS,2019-05-01,-4998
KS,2019-06-01,-5252
KS,2019-07-01,-5501
KS,2019-08-01,-5982
KS,2019-09-01,-4635
KS,2019-10-01,-4400
KS,2019-11-01,-3829
KS,2019-12-01,-3343
KS,2020-01-01,-3867
KS,2020-02-01,-3535
KS,2020-03-01,-3230
KS,2020-04-01,-2740
KS,2020-05-01,-2922
KS,2020-06-01,-3126
KS,2020-07-01,-2887
KS,2020-08-01,-2775
KS,2020-09-01,-3302
KS,2020-10-01,-2504
KS,2020-11-01,-2767
KS,2020-12-01,-2528
KS,2021-01-01,-2562
KS,2021-02-01,-2132
KS,2021-03-01,-2348
KS,2021-04-01,-2267
KS,2021-05-01,-4652
KS,2021-06-01,-4680
KS,2021-07-01,-3593
KS,2021-08-01,-3471
KS,2021-09-01,-3314
KS,2021-10-01,-4045
KS,2021-11-01,-3579
KS,2021-12-01,-2778
KS,2022-01-01,-2443
KS,2022-02-01,-3006
KS,2022-03-01,-3303
KS,2022-04-01,-2975
KS,2022-05-01,-3456
KS,2022-06-01,-3634
KS,2022-07-01,-2781
KS,2022-08-01,-3775
KS,2022-09-01,-3969
KS,2022-10-01,-3534
KS,2022-11-01,-3697
KS,2022-12-01,-2687
KS,2023-01-01,-3314
KS,2023-02-01,-3271
KY,2018-12-01,-2909
KY,2019-03-01,-2601
KY,2019-04-01,-1773
KY,2019-05-01,-2512
KY,2019-06-01,-3193
KY,2019-07-01,-3011
KY,2019-08-01,-3371
KY,2019-09-01,-2598
KY,2019-10-01,-2891
KY,2019-11-01,-2212
KY,2019-12-01,-2011
KY,2020-01-01,-2864
KY,2020-02-01,-2294
KY,2020-03-01,-1061
KY,2020-04-01,-685
KY,2020-05-01,-430
KY,2020-06-01,-483
KY,2020-07-01,-1403
KY,2020-08-01,-1340
KY,2020-09-01,-1239
KY,2020-10-01,-1158
KY,2020-11-01,-1392
KY,2020-12-01,-1237
KY,2021-01-01,-1139
KY,2021-02-01,-1512
KY,2021-03-01,-1079
KY,2021-04-01,-698
KY,2021-05-01,-2525
KY,2021-06-01,-2388
KY,2021-07-01,-2396
KY,2021-08-01,-1956
KY,2021-09-01,-2028
KY,2021-10-01,-2108
KY,2021-11-01,-1726
KY,2021-12-01,-1906
KY,2022-01-01,-1948
KY,2022-02-01,-1768
KY,2022-03-01,-2073
KY,2022-04-01,-1158
KY,2022-05-01,-2099
KY,2022-06-01,-1786
KY,2022-07-01,-1916
KY,2022-08-01,-2458
KY,2022-09-01,-2696
KY,2022-10-01,-2477
KY,2022-11-01,-2380
KY,2022-12-01,-1974
KY,2023-01-01,-2595
KY,2023-02-01,-2694
LA,2018-12-01,-1836
LA,2019-03-01,-2113
LA,2019-04-01,-1837
LA,2019-05-01,-2570
LA,2019-06-01,-2648
LA,2019-07-01,-2390
LA,2019-08-01,-2612
LA,2019-09-01,-2080
LA,2019-10-01,-1889
LA,2019-11-01,-1538
LA,2019-12-01,-1362
LA,2020-01-01,-2064
LA,2020-02-01,-1481
LA,2020-03-01,-1772
LA,2020-04-01,-1236
LA,2020-05-01,-1321
LA,2020-06-01,-1279
LA,2020-07-01,-1538
LA,2020-08-01,-1590
LA,2020-09-01,-2086
LA,2020-10-01,-2288
LA,2020-11-01,-2000
LA,2020-12-01,-1832
LA,2021-01-01,-1805
LA,2021-02-01,-1433
LA,2021-03-01,-1722
LA,2021-04-01,-1531
LA,2021-05-01,-2365
LA,2021-06-01,-2451
LA,2021-07-01,-2035
LA,2021-08-01,-2057
LA,2021-09-01,-2857
LA,2021-10-01,-3697
LA,2021-11-01,-3978
LA,2021-12-01,-2597
LA,2022-01-01,-2088
LA,2022-02-01,-2208
LA,2022-03-01,-3094
LA,2022-04-01,-2384
LA,2022-05-01,-2932
LA,2022-06-01,-2962
LA,2022-07-01,-2279
LA,2022-08-01,-2674
LA,2022-09-01,-2446
LA,2022-10-01,-2120
LA,2022-11-01,-1442
LA,2022-12-01,-1779
LA,2023-01-01,-2100
LA,2023-02-01,-2110
MA,2018-12-01,-3519
MA,2019-03-01,-1564
MA,2019-04-01,13
MA,2019-05-01,-1324
MA,2019-06-01,-4569
MA,2019-07-01,-5138
MA,2019-08-01,-7200
MA,2019-09-01,-6076
MA,2019-10-01,-5947
MA,2019-11-01,-3928
MA,2019-12-01,-3128
MA,2020-01-01,-3531
MA,2020-02-01,-2485
MA,2020-03-01,-1409
MA,2020-04-01,-917
MA,2020-05-01,-1459
MA,2020-06-01,-3243
MA,2020-07-01,-4558
MA,2020-08-01,-6930
MA,2020-09-01,-6097
MA,2020-10-01,-6113
MA,2020-11-01,-4158
MA,2020-12-01,-4275
MA,2021-01-01,-3367
MA,2021-02-01,-3019
MA,2021-03-01,-2949
MA,2021-04-01,-977
MA,2021-05-01,-2921
MA,2021-06-01,-4756
MA,2021-07-01,-5682
MA,2021-08-01,-7713
MA,2021-09-01,-6475
MA,2021-10-01,-6371
MA,2021-11-01,-4518
MA,2021-12-01,-3496
MA,2022-01-01,-3190
MA,2022-02-01,-3082
MA,2022-03-01,-3039
MA,2022-04-01,-1363
MA,2022-05-01,-2314
MA,2022-06-01,-5308
MA,2022-07-01,-6059
MA,2022-08-01,-8430
MA,2022-09-01,-5791
MA,2022-10-01,-7296
MA,2022-11-01,-4203
MA,2022-12-01,-3413
MA,2023-01-01,-3333
MA,2023-02-01,-3389
MD,2018-12-01,-1808
MD,2019-03-01,-2037
MD,2019-04-01,-1683
MD,2019-05-01,-3202
MD,2019-06-01,-2848
MD,2019-07-01,-2938
MD,2019-08-01,-2300
MD,2019-09-01,-2038
MD,2019-10-01,-2389
MD,2019-11-01,-2100
MD,2019-12-01,-1652
MD,2020-01-01,-1727
MD,2020-02-01,-1255
MD,2020-03-01,-612
MD,2020-04-01,-195
MD,2020-05-01,-1603
MD,2020-06-01,-1227
MD,2020-07-01,-696
MD,2020-08-01,-805
MD,2020-09-01,-1752
MD,2020-10-01,-2409
MD,2020-11-01,-1363
MD,2020-12-01,-1455
MD,2021-01-01,-1619
MD,2021-02-01,-1623
MD,2021-03-01,-1832
MD,2021-04-01,-1783
MD,2021-05-01,-2873
MD,2021-06-01,-3449
MD,2021-07-01,-3328
MD,2021-08-01,-2465
MD,2021-09-01,-2483
MD,2021-10-01,-2796
MD,2021-11-01,-2535
MD,2021-12-01,-2318
MD,2022-01-01,-1502
MD,2022-02-01,-1953
MD,2022-03-01,-1874
MD,2022-04-01,-1851
MD,2022-05-01,-1166
MD,2022-06-01,-2720
MD,2022-07-01,-2868
MD,2022-08-01,-3374
MD,2022-09-01,-2618
MD,2022-10-01,-2299
MD,2022-11-01,-1797
MD,2022-12-01,-1600
MD,2023-01-01,-1851
MD,2023-02-01,-2094
ME,2018-12-01,-686
ME,2019-03-01,-154
ME,2019-04-01,949
ME,2019-05-01,493
ME,2019-06-01,201
ME,2019-07-01,-276
ME,2019-08-01,-1159
ME,2019-09-01,-2475
ME,2019-10-01,-3090
ME,2019-11-01,-942
ME,2019-12-01,-563
ME,2020-01-01,-506
ME,2020-02-01,-348
ME,2020-03-01,1127
ME,2020-04-01,1046
ME,2020-05-01,1138
ME,2020-06-01,807
ME,2020-07-01,629
ME,2020-08-01,351
ME,2020-09-01,-579
ME,2020-10-01,-1402
ME,2020-11-01,19
ME,2020-12-01,209
ME,2021-01-01,34
ME,2021-02-01,211
ME,2021-03-01,472
ME,2021-04-01,1256
ME,2021-05-01,1218
ME,2021-06-01,731
ME,2021-07-01,128
ME,2021-08-01,-344
ME,2021-09-01,-1696
ME,2021-10-01,-2196
ME,2021-11-01,-578
ME,2021-12-01,-237
ME,2022-01-01,-288
ME,2022-02-01,-249
ME,2022-03-01,-30
ME,2022-04-01,662
ME,2022-05-01,836
ME,2022-06-01,357
ME,2022-07-01,-7
ME,2022-08-01,-736
ME,2022-09-01,-2042
ME,2022-10-01,-2530
ME,2022-11-01,-1125
ME,2022-12-01,-572
ME,2023-01-01,-395
ME,2023-02-01,-393
MI,2018-12-01,-8068
MI,2019-03-01,-4297
MI,2019-04-01,2841
MI,2019-05-01,-4229
MI,2019-06-01,-8316
MI,2019-07-01,-9148
MI,2019-08-01,-11430
MI,2019-09-01,-11784
MI,2019-10-01,-12562
MI,2019-11-01,-8352
MI,2019-12-01,-7424
MI,2020-01-01,-7483
MI,2020-02-01,-6162
MI,2020-03-01,521
MI,2020-04-01,1981
MI,2020-05-01,1194
MI,2020-06-01,-2702
MI,2020-07-01,-5218
MI,2020-08-01,-5351
MI,2020-09-01,-6981
MI,2020-10-01,-7374
MI,2020-11-01,-5529
MI,2020-12-01,-4856
MI,2021-01-01,-4096
MI,2021-02-01,-3600
MI,2021-03-01,-1911
MI,2021-04-01,3225
MI,2021-05-01,-3162
MI,2021-06-01,-5984
MI,2021-07-01,-7461
MI,2021-08-01,-8861
MI,2021-09-01,-10007
MI,2021-10-01,-10338
MI,2021-11-01,-7619
MI,2021-12-01,-6193
MI,2022-01-01,-5426
MI,2022-02-01,-4840
MI,2022-03-01,-4092
MI,2022-04-01,1382
MI,2022-05-01,-2508
MI,2022-06-01,-6508
MI,2022-07-01,-8517
MI,2022-08-01,-10168
MI,2022-09-01,-10913
MI,2022-10-01,-10696
MI,2022-11-01,-9111
MI,2022-12-01,-7129
MI,2023-01-01,-7483
MI,2023-02-01,-7121
MN,2018-12-01,-3422
MN,2019-03-01,-1342
MN,2019-04-01,882
MN,2019-05-01,-2145
MN,2019-06-01,-4702
MN,2019-07-01,-4812
MN,2019-08-01,-5982
MN,2019-09-01,-6686
MN,2019-10-01,-6533
MN,2019-11-01,-4783
MN,2019-12-01,-3749
MN,2020-01-01,-3360
MN,2020-02-01,-2998
MN,2020-03-01,1160
MN,2020-04-01,978
MN,2020-05-01,134
MN,2020-06-01,-2539
MN,2020-07-01,-3446
MN,2020-08-01,-4295
MN,2020-09-01,-5100
MN,2020-10-01,-6086
MN,2020-11-01,-3433
MN,2020-12-01,-3114
MN,2021-01-01,-2991
MN,2021-02-01,-2747
MN,2021-03-01,-1215
MN,2021-04-01,869
MN,2021-05-01,-2028
MN,2021-06-01,-4008
MN,2021-07-01,-5351
MN,2021-08-01,-5625
MN,2021-09-01,-6393
MN,2021-10-01,-6993
MN,2021-11-01,-4248
MN,2021-12-01,-3862
MN,2022-01-01,-3084
MN,2022-02-01,-2819
MN,2022-03-01,-2392
MN,2022-04-01,151
MN,2022-05-01,-3648
MN,2022-06-01,-5540
MN,2022-07-01,-5365
MN,2022-08-01,-6749
MN,2022-09-01,-6914
MN,2022-10-01,-6502
MN,2022-11-01,-4405
MN,2022-12-01,-2983
MN,2023-01-01,-3541
MN,2023-02-01,-3568
MO,2018-12-01,-4121
MO,2019-03-01,-3672
MO,2019-04-01,-3734
MO,2019-05-01,-4705
MO,2019-06-01,-4329
MO,2019-07-01,-4299
MO,2019-08-01,-4825
MO,2019-09-01,-3817
MO,2019-10-01,-4257
MO,2019-11-01,-3212
MO,2019-12-01,-3307
MO,2020-01-01,-3896
MO,2020-02-01,-3558
MO,2020-03-01,-2623
MO,2020-04-01,-1596
MO,2020-05-01,-1325
MO,2020-06-01,-1565
MO,2020-07-01,-2179
MO,2020-08-01,-1740
MO,2020-09-01,-1952
MO,2020-10-01,-1779
MO,2020-11-01,-1150
MO,2020-12-01,-1704
MO,2021-01-01,-1673
MO,2021-02-01,-1679
MO,2021-03-01,-1673
MO,2021-04-01,-1121
MO,2021-05-01,-4245
MO,2021-06-01,-4544
MO,2021-07-01,-4001
MO,2021-08-01,-3482
MO,2021-09-01,-3489
MO,2021-10-01,-3632
MO,2021-11-01,-3496
MO,2021-12-01,-3685
MO,2022-01-01,-2871
MO,2022-02-01,-3131
MO,2022-03-01,-2858
MO,2022-04-01,-2532
MO,2022-05-01,-3502
MO,2022-06-01,-3461
MO,2022-07-01,-3021
MO,2022-08-01,-4152
MO,2022-09-01,-4128
MO,2022-10-01,-3532
MO,2022-11-01,-3378
MO,2022-12-01,-3272
MO,2023-01-01,-3895
MO,2023-02-01,-3436
MP,2018-12-01,0
MP,2019-03-01,12
MP,2019-04-01,16
MP,2019-05-01,0
MP,2019-06-01,20
MP,2019-07-01,13
MP,2019-08-01,1
MP,2019-09-01,1
MP,2019-10-01,-11
MP,2019-11-01,5
MP,2019-12-01,13
MP,2020-02-01,0
MP,2020-03-01,0
MP,2020-04-01,14
MP,2020-05-01,-1
MP,2020-06-01,15
MP,2020-07-01,13
MP,2020-08-01,22
MP,2020-11-01,14
MP,2020-12-01,5
MP,2021-01-01,11
MP,2021-02-01,12
MP,2021-03-01,7
MP,2021-04-01,18
MP,2021-05-01,-3
MP,2021-06-01,25
MP,2021-07-01,4
MP,2021-08-01,23
MP,2021-09-01,15
MP,2021-10-01,14
MP,2021-11-01,0
MP,2021-12-01,15
MP,2022-01-01,12
MP,2022-03-01,1
MP,2022-04-01,12
MP,2022-05-01,13
MP,2022-06-01,20
MP,2022-07-01,19
MP,2022-08-01,-1
MP,2022-09-01,3
MP,2023-01-01,0
MS,2018-12-01,-1279
MS,2019-03-01,-1523
MS,2019-04-01,-1573
MS,2019-05-01,-2276
MS,2019-06-01,-1442
MS,2019-07-01,-1882
MS,2019-08-01,-1981
MS,2019-09-01,-1667
MS,2019-10-01,-1644
MS,2019-11-01,-964
MS,2019-12-01,-957
MS,2020-01-01,-1240
MS,2020-02-01,-1193
MS,2020-03-01,-1320
MS,2020-04-01,-501
MS,2020-05-01,-636
MS,2020-06-01,-831
MS,2020-07-01,-969
MS,2020-08-01,-646
MS,2020-09-01,-494
MS,2020-10-01,-479
MS,2020-11-01,-488
MS,2020-12-01,-241
MS,2021-01-01,-345
MS,2021-02-01,-229
MS,2021-03-01,-708
MS,2021-04-01,-670
MS,2021-05-01,-1389
MS,2021-06-01,-1397
MS,2021-07-01,-1215
MS,2021-08-01,-1125
MS,2021-09-01,-520
MS,2021-10-01,-1008
MS,2021-11-01,-627
MS,2021-12-01,-728
MS,2022-01-01,-668
MS,2022-02-01,-975
MS,2022-03-01,-1807
MS,2022-04-01,-1362
MS,2022-05-01,-1621
MS,2022-06-01,-855
MS,2022-07-01,-1041
MS,2022-08-01,-1543
MS,2022-09-01,-1109
MS,2022-10-01,-1203
MS,2022-11-01,-828
MS,2022-12-01,-1212
MS,2023-01-01,-1018
MS,2023-02-01,-1486
MT,2018-12-01,-1178
MT,2019-03-01,-559
MT,2019-04-01,-244
MT,2019-05-01,-784
MT,2019-06-01,-520
MT,2019-07-01,-719
MT,2019-08-01,-839
MT,2019-09-01,-1359
MT,2019-10-01,-1348
MT,2019-11-01,-928
MT,2019-12-01,-977
MT,2020-01-01,-808
MT,2020-02-01,-679
MT,2020-03-01,250
MT,2020-04-01,251
MT,2020-05-01,321
MT,2020-06-01,350
MT,2020-07-01,-3
MT,2020-08-01,274
MT,2020-09-01,102
MT,2020-10-01,-196
MT,2020-11-01,-216
MT,2020-12-01,-154
MT,2021-01-01,-194
MT,2021-02-01,-131
MT,2021-03-01,151
MT,2021-04-01,481
MT,2021-05-01,149
MT,2021-06-01,96
MT,2021-07-01,-412
MT,2021-08-01,-563
MT,2021-09-01,-705
MT,2021-10-01,-525
MT,2021-11-01,-747
MT,2021-12-01,-113
MT,2022-01-01,-278
MT,2022-02-01,-286
MT,2022-03-01,-104
MT,2022-04-01,243
MT,2022-05-01,-375
MT,2022-06-01,-380
MT,2022-07-01,-470
MT,2022-08-01,-748
MT,2022-09-01,-1001
MT,2022-10-01,-1227
MT,2022-11-01,-945
MT,2022-12-01,-744
MT,2023-01-01,-907
MT,2023-02-01,-698
NC,2018-12-01,-2124
NC,2019-03-01,-2446
NC,2019-04-01,-1204
NC,2019-05-01,-875
NC,2019-06-01,146
NC,2019-07-01,-62
NC,2019-08-01,174
NC,2019-09-01,-712
NC,2019-10-01,-2024
NC,2019-11-01,-1338
NC,2019-12-01,-338
NC,2020-01-01,-1920
NC,2020-02-01,-1481
NC,2020-03-01,617
NC,2020-04-01,2524
NC,2020-05-01,2664
NC,2020-06-01,3963
NC,2020-07-01,3549
NC,2020-08-01,3693
NC,2020-09-01,1577
NC,2020-10-01,1309
NC,2020-11-01,1017
NC,2020-12-01,1737
NC,2021-01-01,1426
NC,2021-02-01,845
NC,2021-03-01,1041
NC,2021-04-01,1172
NC,2021-05-01,319
NC,2021-06-01,1397
NC,2021-07-01,2599
NC,2021-08-01,2517
NC,2021-09-01,833
NC,2021-10-01,-601
NC,2021-11-01,-71
NC,2021-12-01,504
NC,2022-01-01,1206
NC,2022-02-01,251
NC,2022-03-01,-401
NC,2022-04-01,-574
NC,2022-05-01,865
NC,2022-06-01,1212
NC,2022-07-01,2471
NC,2022-08-01,1681
NC,2022-09-01,113
NC,2022-10-01,-1121
NC,2022-11-01,-1189
NC,2022-12-01,-922
NC,2023-01-01,-1651
NC,2023-02-01,-3117
ND,2018-12-01,-1727
ND,2019-03-01,-1210
ND,2019-04-01,-1168
ND,2019-05-01,-1925
ND,2019-06-01,-2280
ND,2019-07-01,-1973
ND,2019-08-01,-2232
ND,2019-09-01,-1995
ND,2019-10-01,-1961
ND,2019-11-01,-1633
ND,2019-12-01,-1494
ND,2020-01-01,-1606
ND,2020-02-01,-1329
ND,2020-03-01,-894
ND,2020-04-01,-1682
ND,2020-05-01,-1595
ND,2020-06-01,-1808
ND,2020-07-01,-2088
ND,2020-08-01,-1967
ND,2020-09-01,-1857
ND,2020-10-01,-1852
ND,2020-11-01,-1209
ND,2020-12-01,-1708
ND,2021-01-01,-1611
ND,2021-02-01,-1549
ND,2021-03-01,-1341
ND,2021-04-01,-1086
ND,2021-05-01,-2357
ND,2021-06-01,-2192
ND,2021-07-01,-2067
ND,2021-08-01,-2032
ND,2021-09-01,-1614
ND,2021-10-01,-1700
ND,2021-11-01,-1233
ND,2021-12-01,-1096
ND,2022-01-01,-1161
ND,2022-02-01,-1230
ND,2022-03-01,-1182
ND,2022-04-01,-848
ND,2022-05-01,-1601
ND,2022-06-01,-1622
ND,2022-07-01,-1305
ND,2022-08-01,-1737
ND,2022-09-01,-1577
ND,2022-10-01,-1475
ND,2022-11-01,-1109
ND,2022-12-01,-1020
ND,2023-01-01,-1284
ND,2023-02-01,-1051
NE,2018-12-01,-2510
NE,2019-03-01,-2328
NE,2019-04-01,-2634
NE,2019-05-01,-3244
NE,2019-06-01,-3253
NE,2019-07-01,-3039
NE,2019-08-01,-3038
NE,2019-09-01,-3126
NE,2019-10-01,-2904
NE,2019-11-01,-2744
NE,2019-12-01,-2379
NE,2020-01-01,-2542
NE,2020-02-01,-2395
NE,2020-03-01,-1478
NE,2020-04-01,-1478
NE,2020-05-01,-1739
NE,2020-06-01,-1985
NE,2020-07-01,-1919
NE,2020-08-01,-2520
NE,2020-09-01,-2429
NE,2020-10-01,-2233
NE,2020-11-01,-1907
NE,2020-12-01,-1512
NE,2021-01-01,-1572
NE,2021-02-01,-1189
NE,2021-03-01,-1353
NE,2021-04-01,-1339
NE,2021-05-01,-2769
NE,2021-06-01,-2851
NE,2021-07-01,-2793
NE,2021-08-01,-2742
NE,2021-09-01,-2484
NE,2021-10-01,-2364
NE,2021-11-01,-1909
NE,2021-12-01,-1771
NE,2022-01-01,-1553
NE,2022-02-01,-1632
NE,2022-03-01,-2237
NE,2022-04-01,-1866
NE,2022-05-01,-2189
NE,2022-06-01,-2430
NE,2022-07-01,-2270
NE,2022-08-01,-2799
NE,2022-09-01,-2290
NE,2022-10-01,-2179
NE,2022-11-01,-1731
NE,2022-12-01,-2030
NE,2023-01-01,-1943
NE,2023-02-01,-1682
NH,2018-12-01,-657
NH,2019-03-01,-112
NH,2019-04-01,486
NH,2019-05-01,304
NH,2019-06-01,-292
NH,2019-07-01,-486
NH,2019-08-01,-791
NH,2019-09-01,-1199
NH,2019-10-01,-1348
NH,2019-11-01,-586
NH,2019-12-01,-254
NH,2020-01-01,-416
NH,2020-02-01,-354
NH,2020-03-01,724
NH,2020-04-01,747
NH,2020-05-01,995
NH,2020-06-01,920
NH,2020-07-01,565
NH,2020-08-01,781
NH,2020-09-01,-38
NH,2020-10-01,-223
NH,2020-11-01,-38
NH,2020-12-01,201
NH,2021-01-01,249
NH,2021-02-01,148
NH,2021-03-01,261
NH,2021-04-01,1042
NH,2021-05-01,762
NH,2021-06-01,34
NH,2021-07-01,-50
NH,2021-08-01,-629
NH,2021-09-01,-874
NH,2021-10-01,-1049
NH,2021-11-01,-587
NH,2021-12-01,-159
NH,2022-01-01,-52
NH,2022-02-01,-87
NH,2022-03-01,-235
NH,2022-04-01,457
NH,2022-05-01,298
NH,2022-06-01,-309
NH,2022-07-01,-435
NH,2022-08-01,-262
NH,2022-09-01,-852
NH,2022-10-01,-1167
NH,2022-11-01,-581
NH,2022-12-01,-580
NH,2023-01-01,-474
NH,2023-02-01,-509
NJ,2018-12-01,-2645
NJ,2019-03-01,-1055
NJ,2019-04-01,-604
NJ,2019-05-01,28
NJ,2019-06-01,-2912
NJ,2019-07-01,-3871
NJ,2019-08-01,-3372
NJ,2019-09-01,-3587
NJ,2019-10-01,-3960
NJ,2019-11-01,-2804
NJ,2019-12-01,-2853
NJ,2020-01-01,-2205
NJ,2020-02-01,-1856
NJ,2020-03-01,89
NJ,2020-04-01,531
NJ,2020-05-01,1417
NJ,2020-06-01,384
NJ,2020-07-01,-1154
NJ,2020-08-01,-1021
NJ,2020-09-01,-2384
NJ,2020-10-01,-3587
NJ,2020-11-01,-1898
NJ,2020-12-01,-1989
NJ,2021-01-01,-2132
NJ,2021-02-01,-1236
NJ,2021-03-01,-1457
NJ,2021-04-01,-711
NJ,2021-05-01,-1332
NJ,2021-06-01,-3578
NJ,2021-07-01,-4257
NJ,2021-08-01,-4601
NJ,2021-09-01,-4178
NJ,2021-10-01,-3344
NJ,2021-11-01,-609
NJ,2021-12-01,-2715
NJ,2022-01-01,-2390
NJ,2022-02-01,-1925
NJ,2022-03-01,-1779
NJ,2022-04-01,-1518
NJ,2022-05-01,-622
NJ,2022-06-01,-3697
NJ,2022-07-01,-4165
NJ,2022-08-01,-3187
NJ,2022-09-01,-3187
NJ,2022-10-01,-4076
NJ,2022-11-01,-2676
NJ,2022-12-01,-2166
NJ,2023-01-01,-2853
NJ,2023-02-01,-1731
NM,2018-12-01,-551
NM,2019-03-01,-819
NM,2019-04-01,-909
NM,2019-05-01,-807
NM,2019-06-01,-360
NM,2019-07-01,-537
NM,2019-08-01,-329
NM,2019-09-01,-710
NM,2019-10-01,-674
NM,2019-11-01,-552
NM,2019-12-01,-341
NM,2020-01-01,-823
NM,2020-02-01,-768
NM,2020-03-01,-338
NM,2020-04-01,-10
NM,2020-05-01,-141
NM,2020-06-01,-265
NM,2020-07-01,-280
NM,2020-08-01,-420
NM,2020-09-01,-536
NM,2020-10-01,-473
NM,2020-11-01,-461
NM,2020-12-01,-382
NM,2021-01-01,-384
NM,2021-02-01,-831
NM,2021-03-01,-930
NM,2021-04-01,-964
NM,2021-05-01,-879
NM,2021-06-01,-1229
NM,2021-07-01,-731
NM,2021-08-01,-846
NM,2021-09-01,-469
NM,2021-10-01,-586
NM,2021-11-01,-681
NM,2021-12-01,-446
NM,2022-01-01,-549
NM,2022-02-01,-494
NM,2022-03-01,-784
NM,2022-04-01,-970
NM,2022-05-01,-914
NM,2022-06-01,-739
NM,2022-07-01,-696
NM,2022-08-01,-1305
NM,2022-09-01,-781
NM,2022-10-01,-1030
NM,2022-11-01,-838
NM,2022-12-01,-972
NM,2023-01-01,-1067
NM,2023-02-01,-815
NV,2018-12-01,257
NV,2019-03-01,62
NV,2019-04-01,86
NV,2019-05-01,543
NV,2019-06-01,923
NV,2019-07-01,1372
NV,2019-08-01,876
NV,2019-09-01,778
NV,2019-10-01,901
NV,2019-11-01,696
NV,2019-12-01,738
NV,2020-01-01,764
NV,2020-02-01,476
NV,2020-03-01,691
NV,2020-04-01,1137
NV,2020-05-01,998
NV,2020-06-01,1335
NV,2020-07-01,1666
NV,2020-08-01,1481
NV,2020-09-01,1427
NV,2020-10-01,766
NV,2020-11-01,650
NV,2020-12-01,708
NV,2021-01-01,599
NV,2021-02-01,776
NV,2021-03-01,1039
NV,2021-04-01,586
NV,2021-05-01,417
NV,2021-06-01,702
NV,2021-07-01,633
NV,2021-08-01,120
NV,2021-09-01,-635
NV,2021-10-01,-774
NV,2021-11-01,-642
NV,2021-12-01,-583
NV,2022-01-01,-774
NV,2022-02-01,-921
NV,2022-03-01,-775
NV,2022-04-01,-863
NV,2022-05-01,-923
NV,2022-06-01,-551
NV,2022-07-01,-1117
NV,2022-08-01,-877
NV,2022-09-01,-1105
NV,2022-10-01,-469
NV,2022-11-01,-1013
NV,2022-12-01,-749
NV,2023-01-01,-150
NV,2023-02-01,-480
NY,2018-12-01,-12293
NY,2019-03-01,-9202
NY,2019-04-01,-4298
NY,2019-05-01,-9810
NY,2019-06-01,-16911
NY,2019-07-01,-19577
NY,2019-08-01,-18819
NY,2019-09-01,-18158
NY,2019-10-01,-17963
NY,2019-11-01,-12947
NY,2019-12-01,-12336
NY,2020-01-01,-12445
NY,2020-02-01,-10219
NY,2020-03-01,-12113
NY,2020-04-01,-11107
NY,2020-05-01,-15733
NY,2020-06-01,-23146
NY,2020-07-01,-26461
NY,2020-08-01,-26967
NY,2020-09-01,-26171
NY,2020-10-01,-26566
NY,2020-11-01,-19735
NY,2020-12-01,-19255
NY,2021-01-01,-18568
NY,2021-02-01,-14183
NY,2021-03-01,-15097
NY,2021-04-01,-9041
NY,2021-05-01,-12737
NY,2021-06-01,-17511
NY,2021-07-01,-18114
NY,2021-08-01,-13881
NY,2021-09-01,-18079
NY,2021-10-01,-18519
NY,2021-11-01,-12219
NY,2021-12-01,-13242
NY,2022-01-01,-13633
NY,2022-02-01,-10953
NY,2022-03-01,-10000
NY,2022-04-01,-5900
NY,2022-05-01,-8972
NY,2022-06-01,-16617
NY,2022-07-01,-18842
NY,2022-08-01,-18168
NY,2022-09-01,-16588
NY,2022-10-01,-16799
NY,2022-11-01,-12502
NY,2022-12-01,-10782
NY,2023-01-01,-10950
NY,2023-02-01,-8344
OH,2018-12-01,-4308
OH,2019-03-01,-3224
OH,2019-04-01,-65
OH,2019-05-01,-3554
OH,2019-06-01,-5521
OH,2019-07-01,-6413
OH,2019-08-01,-6168
OH,2019-09-01,-5859
OH,2019-10-01,-6654
OH,2019-11-01,-4627
OH,2019-12-01,-4455
OH,2020-01-01,-4451
OH,2020-02-01,-3391
OH,2020-03-01,-89
OH,2020-04-01,-5
OH,2020-05-01,-322
OH,2020-06-01,-1991
OH,2020-07-01,-2997
OH,2020-08-01,-2608
OH,2020-09-01,-3011
OH,2020-10-01,-4408
OH,2020-11-01,-2889
OH,2020-12-01,-2366
OH,2021-01-01,-2500
OH,2021-02-01,-2256
OH,2021-03-01,-937
OH,2021-04-01,992
OH,2021-05-01,-3296
OH,2021-06-01,-4336
OH,2021-07-01,-5115
OH,2021-08-01,-4873
OH,2021-09-01,-5058
OH,2021-10-01,-6367
OH,2021-11-01,-5390
OH,2021-12-01,-2809
OH,2022-01-01,-3466
OH,2022-02-01,-2436
OH,2022-03-01,-2574
OH,2022-04-01,-568
OH,2022-05-01,-2780
OH,2022-06-01,-4660
OH,2022-07-01,-5116
OH,2022-08-01,-5092
OH,2022-09-01,-5731
OH,2022-10-01,-5724
OH,2022-11-01,-4577
OH,2022-12-01,-3971
OH,2023-01-01,-4886
OH,2023-02-01,-4307
OK,2018-12-01,-2701
OK,2019-03-01,-3949
OK,2019-04-01,-2715
OK,2019-05-01,-3300
OK,2019-06-01,-2897
OK,2019-07-01,-3498
OK,2019-08-01,-3763
OK,2019-09-01,-3104
OK,2019-10-01,-2802
OK,2019-11-01,-2277
OK,2019-12-01,-2250
OK,2020-01-01,-2612
OK,2020-02-01,-3218
OK,2020-03-01,-1710
OK,2020-04-01,-1362
OK,2020-05-01,-1207
OK,2020-06-01,-1059
OK,2020-07-01,-1522
OK,2020-08-01,-1625
OK,2020-09-01,-1419
OK,2020-10-01,-1303
OK,2020-11-01,-1066
OK,2020-12-01,-1111
OK,2021-01-01,-722
OK,2021-02-01,-1182
OK,2021-03-01,-1877
OK,2021-04-01,-1303
OK,2021-05-01,-3298
OK,2021-06-01,-3234
OK,2021-07-01,-2020
OK,2021-08-01,-2277
OK,2021-09-01,-1940
OK,2021-10-01,-2071
OK,2021-11-01,-1866
OK,2021-12-01,-1973
OK,2022-01-01,-1919
OK,2022-02-01,-1989
OK,2022-03-01,-3358
OK,2022-04-01,-3015
OK,2022-05-01,-2815
OK,2022-06-01,-2220
OK,2022-07-01,-2806
OK,2022-08-01,-3091
OK,2022-09-01,-2906
OK,2022-10-01,-3056
OK,2022-11-01,-3274
OK,2022-12-01,-2871
OK,2023-01-01,-3257
OK,2023-02-01,-2984
OR,2018-12-01,-1822
OR,2019-03-01,-2946
OR,2019-04-01,-1840
OR,2019-05-01,-1480
OR,2019-06-01,-2807
OR,2019-07-01,-3778
OR,2019-08-01,-3424
OR,2019-09-01,-2552
OR,2019-10-01,-3145
OR,2019-11-01,-2627
OR,2019-12-01,-2620
OR,2020-01-01,-2765
OR,2020-02-01,-3329
OR,2020-03-01,-2125
OR,2020-04-01,-1290
OR,2020-05-01,-1038
OR,2020-06-01,-1268
OR,2020-07-01,-1154
OR,2020-08-01,-1257
OR,2020-09-01,-1263
OR,2020-10-01,-2551
OR,2020-11-01,-2251
OR,2020-12-01,-2168
OR,2021-01-01,-2164
OR,2021-02-01,-2698
OR,2021-03-01,-2851
OR,2021-04-01,-2334
OR,2021-05-01,-3647
OR,2021-06-01,-4520
OR,2021-07-01,-4873
OR,2021-08-01,-4331
OR,2021-09-01,-4259
OR,2021-10-01,-5588
OR,2021-11-01,-5446
OR,2021-12-01,-3631
OR,2022-01-01,-4358
OR,2022-02-01,-4218
OR,2022-03-01,-4866
OR,2022-04-01,-3314
OR,2022-05-01,-3255
OR,2022-06-01,-4812
OR,2022-07-01,-3468
OR,2022-08-01,-3296
OR,2022-09-01,-3195
OR,2022-10-01,-3769
OR,2022-11-01,-3345
OR,2022-12-01,-2749
OR,2023-01-01,-3708
OR,2023-02-01,-3480
PA,2018-12-01,-5077
PA,2019-03-01,-4363
PA,2019-04-01,-2159
PA,2019-05-01,-5445
PA,2019-06-01,-7550
PA,2019-07-01,-7782
PA,2019-08-01,-7146
PA,2019-09-01,-6318
PA,2019-10-01,-7371
PA,2019-11-01,-5637
PA,2019-12-01,-4616
PA,2020-01-01,-5674
PA,2020-02-01,-4266
PA,2020-03-01,-1794
PA,2020-04-01,-598
PA,2020-05-01,-1309
PA,2020-06-01,-3370
PA,2020-07-01,-4436
PA,2020-08-01,-3710
PA,2020-09-01,-3920
PA,2020-10-01,-4664
PA,2020-11-01,-4186
PA,2020-12-01,-3354
PA,2021-01-01,-3913
PA,2021-02-01,-3655
PA,2021-03-01,-3298
PA,2021-04-01,-1867
PA,2021-05-01,-4907
PA,2021-06-01,-7519
PA,2021-07-01,-7545
PA,2021-08-01,-6062
PA,2021-09-01,-5875
PA,2021-10-01,-6101
PA,2021-11-01,-4817
PA,2021-12-01,-4333
PA,2022-01-01,-4678
PA,2022-02-01,-3465
PA,2022-03-01,-4322
PA,2022-04-01,-2684
PA,2022-05-01,-4866
PA,2022-06-01,-7694
PA,2022-07-01,-5758
PA,2022-08-01,-6694
PA,2022-09-01,-6035
PA,2022-10-01,-7291
PA,2022-11-01,-5175
PA,2022-12-01,-4466
PA,2023-01-01,-6253
PA,2023-02-01,-5516
PR,2018-12-01,545
PR,2019-03-01,537
PR,2019-04-01,558
PR,2019-05-01,472
PR,2019-06-01,685
PR,2019-07-01,394
PR,2019-08-01,188
PR,2019-09-01,338
PR,2019-10-01,384
PR,2019-11-01,489
PR,2019-12-01,459
PR,2020-01-01,-269
PR,2020-02-01,-72
PR,2020-03-01,279
PR,2020-04-01,629
PR,2020-05-01,561
PR,2020-06-01,641
PR,2020-07-01,506
PR,2020-08-01,534
PR,2020-09-01,257
PR,2020-10-01,311
PR,2020-11-01,509
PR,2020-12-01,509
PR,2021-01-01,571
PR,2021-02-01,686
PR,2021-03-01,630
PR,2021-04-01,678
PR,2021-05-01,697
PR,2021-06-01,950
PR,2021-07-01,544
PR,2021-08-01,564
PR,2021-09-01,512
PR,2021-10-01,429
PR,2021-11-01,381
PR,2021-12-01,358
PR,2022-01-01,494
PR,2022-02-01,381
PR,2022-03-01,134
PR,2022-04-01,393
PR,2022-05-01,608
PR,2022-06-01,771
PR,2022-07-01,674
PR,2022-08-01,692
PR,2022-09-01,458
PR,2022-10-01,416
PR,2022-11-01,196
PR,2022-12-01,24
PR,2023-01-01,293
PR,2023-02-01,399
RI,2018-12-01,-374
RI,2019-03-01,155
RI,2019-04-01,236
RI,2019-05-01,-66
RI,2019-06-01,241
RI,2019-07-01,-166
RI,2019-08-01,-232
RI,2019-09-01,-606
RI,2019-10-01,-840
RI,2019-11-01,-363
RI,2019-12-01,-220
RI,2020-01-01,-159
RI,2020-02-01,-174
RI,2020-03-01,242
RI,2020-04-01,277
RI,2020-05-01,503
RI,2020-06-01,163
RI,2020-07-01,318
RI,2020-08-01,126
RI,2020-09-01,-281
RI,2020-10-01,-311
RI,2020-11-01,-102
RI,2020-12-01,-79
RI,2021-01-01,-299
RI,2021-02-01,-200
RI,2021-03-01,-108
RI,2021-04-01,12
RI,2021-05-01,-66
RI,2021-06-01,-272
RI,2021-07-01,-465
RI,2021-08-01,-286
RI,2021-09-01,-750
RI,2021-10-01,-856
RI,2021-11-01,-472
RI,2021-12-01,-461
RI,2022-01-01,-473
RI,2022-02-01,-349
RI,2022-03-01,-50
RI,2022-04-01,129
RI,2022-05-01,-136
RI,2022-06-01,-305
RI,2022-07-01,-302
RI,2022-08-01,-238
RI,2022-09-01,-559
RI,2022-10-01,-864
RI,2022-11-01,-270
RI,2022-12-01,-356
RI,2023-01-01,-435
RI,2023-02-01,-200
SC,2018-12-01,197
SC,2019-03-01,-1323
SC,2019-04-01,-397
SC,2019-05-01,913
SC,2019-06-01,834
SC,2019-07-01,1029
SC,2019-08-01,974
SC,2019-09-01,896
SC,2019-10-01,174
SC,2019-11-01,318
SC,2019-12-01,211
SC,2020-01-01,-588
SC,2020-02-01,-947
SC,2020-03-01,39
SC,2020-04-01,1482
SC,2020-05-01,1561
SC,2020-06-01,2323
SC,2020-07-01,2768
SC,2020-08-01,3064
SC,2020-09-01,2838
SC,2020-10-01,2479
SC,2020-11-01,1889
SC,2020-12-01,1724
SC,2021-01-01,1330
SC,2021-02-01,736
SC,2021-03-01,2057
SC,2021-04-01,2002
SC,2021-05-01,2409
SC,2021-06-01,3622
SC,2021-07-01,3121
SC,2021-08-01,3027
SC,2021-09-01,2766
SC,2021-10-01,2023
SC,2021-11-01,1260
SC,2021-12-01,2300
SC,2022-01-01,1594
SC,2022-02-01,-121
SC,2022-03-01,-396
SC,2022-04-01,986
SC,2022-05-01,1482
SC,2022-06-01,3072
SC,2022-07-01,2782
SC,2022-08-01,1818
SC,2022-09-01,1730
SC,2022-10-01,826
SC,2022-11-01,717
SC,2022-12-01,470
SC,2023-01-01,-288
SC,2023-02-01,-1562
SD,2018-12-01,-917
SD,2019-03-01,-585
SD,2019-04-01,-373
SD,2019-05-01,-1060
SD,2019-06-01,-1123
SD,2019-07-01,-1314
SD,2019-08-01,-1271
SD,2019-09-01,-1006
SD,2019-10-01,-1016
SD,2019-11-01,-820
SD,2019-12-01,-825
SD,2020-01-01,-632
SD,2020-02-01,-743
SD,2020-03-01,-319
SD,2020-04-01,-197
SD,2020-05-01,-563
SD,2020-06-01,-411
SD,2020-07-01,-651
SD,2020-08-01,-499
SD,2020-09-01,-550
SD,2020-10-01,-343
SD,2020-11-01,-384
SD,2020-12-01,-634
SD,2021-01-01,-298
SD,2021-02-01,-446
SD,2021-03-01,-35
SD,2021-04-01,129
SD,2021-05-01,-778
SD,2021-06-01,-681
SD,2021-07-01,-954
SD,2021-08-01,-633
SD,2021-09-01,-593
SD,2021-10-01,-1007
SD,2021-11-01,-563
SD,2021-12-01,-611
SD,2022-01-01,-869
SD,2022-02-01,-842
SD,2022-03-01,-925
SD,2022-04-01,-274
SD,2022-05-01,-553
SD,2022-06-01,-628
SD,2022-07-01,-603
SD,2022-08-01,-786
SD,2022-09-01,-1155
SD,2022-10-01,-1118
SD,2022-11-01,-644
SD,2022-12-01,-582
SD,2023-01-01,-808
SD,2023-02-01,-1128
TN,2018-12-01,-1272
TN,2019-03-01,-1554
TN,2019-04-01,-1118
TN,2019-05-01,-882
TN,2019-06-01,78
TN,2019-07-01,-438
TN,2019-08-01,-868
TN,2019-09-01,-1018
TN,2019-10-01,-969
TN,2019-11-01,-283
TN,2019-12-01,-579
TN,2020-01-01,-1664
TN,2020-02-01,-1126
TN,2020-03-01,-527
TN,2020-04-01,93
TN,2020-05-01,342
TN,2020-06-01,1058
TN,2020-07-01,1391
TN,2020-08-01,1371
TN,2020-09-01,1046
TN,2020-10-01,610
TN,2020-11-01,904
TN,2020-12-01,1379
TN,2021-01-01,911
TN,2021-02-01,743
TN,2021-03-01,1228
TN,2021-04-01,1365
TN,2021-05-01,-189
TN,2021-06-01,651
TN,2021-07-01,1817
TN,2021-08-01,815
TN,2021-09-01,925
TN,2021-10-01,531
TN,2021-11-01,299
TN,2021-12-01,378
TN,2022-01-01,190
TN,2022-02-01,-1325
TN,2022-03-01,-1789
TN,2022-04-01,-1274
TN,2022-05-01,-1090
TN,2022-06-01,149
TN,2022-07-01,-35
TN,2022-08-01,-2305
TN,2022-09-01,-2121
TN,2022-10-01,-2976
TN,2022-11-01,-2086
TN,2022-12-01,-1334
TN,2023-01-01,-2169
TN,2023-02-01,-2911
TX,2018-12-01,-4302
TX,2019-03-01,-8574
TX,2019-04-01,-7891
TX,2019-05-01,-3346
TX,2019-06-01,-1871
TX,2019-07-01,-1575
TX,2019-08-01,-2391
TX,2019-09-01,-3992
TX,2019-10-01,-3931
TX,2019-11-01,-3412
TX,2019-12-01,-2305
TX,2020-01-01,-5738
TX,2020-02-01,-5083
TX,2020-03-01,-5789
TX,2020-04-01,-864
TX,2020-05-01,1128
TX,2020-06-01,2970
TX,2020-07-01,3343
TX,2020-08-01,2783
TX,2020-09-01,1986
TX,2020-10-01,571
TX,2020-11-01,1450
TX,2020-12-01,2386
TX,2021-01-01,3922
TX,2021-02-01,1437
TX,2021-03-01,1911
TX,2021-04-01,1770
TX,2021-05-01,222
TX,2021-06-01,1740
TX,2021-07-01,3624
TX,2021-08-01,3213
TX,2021-09-01,2707
TX,2021-10-01,327
TX,2021-11-01,-1567
TX,2021-12-01,63
TX,2022-01-01,106
TX,2022-02-01,-1278
TX,2022-03-01,-7945
TX,2022-04-01,-6681
TX,2022-05-01,-3328
TX,2022-06-01,1902
TX,2022-07-01,633
TX,2022-08-01,-4403
TX,2022-09-01,-6031
TX,2022-10-01,-7742
TX,2022-11-01,-7834
TX,2022-12-01,-7249
TX,2023-01-01,-8415
TX,2023-02-01,-10100
UT,2018-12-01,-1838
UT,2019-03-01,-2466
UT,2019-04-01,-2608
UT,2019-05-01,-2757
UT,2019-06-01,-1609
UT,2019-07-01,-1588
UT,2019-08-01,-2153
UT,2019-09-01,-1802
UT,2019-10-01,-2114
UT,2019-11-01,-1806
UT,2019-12-01,-1087
UT,2020-01-01,-1783
UT,2020-02-01,-1455
UT,2020-03-01,-1805
UT,2020-04-01,-1379
UT,2020-05-01,-906
UT,2020-06-01,-234
UT,2020-07-01,-496
UT,2020-08-01,-981
UT,2020-09-01,-626
UT,2020-10-01,-804
UT,2020-11-01,-176
UT,2020-12-01,-514
UT,2021-01-01,-501
UT,2021-02-01,-856
UT,2021-03-01,-1425
UT,2021-04-01,-1023
UT,2021-05-01,-1950
UT,2021-06-01,-1810
UT,2021-07-01,-1865
UT,2021-08-01,-2789
UT,2021-09-01,-2340
UT,2021-10-01,-3058
UT,2021-11-01,-2595
UT,2021-12-01,-1447
UT,2022-01-01,-1467
UT,2022-02-01,-2484
UT,2022-03-01,-2093
UT,2022-04-01,-2242
UT,2022-05-01,-2524
UT,2022-06-01,-2518
UT,2022-07-01,-2064
UT,2022-08-01,-2969
UT,2022-09-01,-2911
UT,2022-10-01,-2501
UT,2022-11-01,-2186
UT,2022-12-01,-2077
UT,2023-01-01,-2461
UT,2023-02-01,-3194
VA,2018-12-01,-2306
VA,2019-03-01,-3829
VA,2019-04-01,-3036
VA,2019-05-01,-2476
VA,2019-06-01,-3979
VA,2019-07-01,-3165
VA,2019-08-01,-3113
VA,2019-09-01,-2665
VA,2019-10-01,-2917
VA,2019-11-01,-2514
VA,2019-12-01,-2458
VA,2020-01-01,-2808
VA,2020-02-01,-2852
VA,2020-03-01,-2298
VA,2020-04-01,-1319
VA,2020-05-01,-1832
VA,2020-06-01,-2345
VA,2020-07-01,-2003
VA,2020-08-01,-1453
VA,2020-09-01,-1389
VA,2020-10-01,-2331
VA,2020-11-01,-1848
VA,2020-12-01,-1483
VA,2021-01-01,-1441
VA,2021-02-01,-2221
VA,2021-03-01,-2408
VA,2021-04-01,-2153
VA,2021-05-01,-4249
VA,2021-06-01,-5636
VA,2021-07-01,-3569
VA,2021-08-01,-2004
VA,2021-09-01,-2282
VA,2021-10-01,-2092
VA,2021-11-01,-1842
VA,2021-12-01,-2144
VA,2022-01-01,-1352
VA,2022-02-01,-2166
VA,2022-03-01,-2878
VA,2022-04-01,-2844
VA,2022-05-01,-3082
VA,2022-06-01,-4019
VA,2022-07-01,-2111
VA,2022-08-01,-2037
VA,2022-09-01,-2584
VA,2022-10-01,-3226
VA,2022-11-01,-2874
VA,2022-12-01,-1886
VA,2023-01-01,-2734
VA,2023-02-01,-2909
VI,2018-12-01,14
VI,2019-03-01,49
VI,2019-04-01,40
VI,2019-05-01,60
VI,2019-06-01,53
VI,2019-07-01,68
VI,2019-08-01,28
VI,2019-09-01,39
VI,2019-10-01,31
VI,2019-11-01,24
VI,2019-12-01,21
VI,2020-01-01,-24
VI,2020-02-01,-47
VI,2020-03-01,-28
VI,2020-04-01,5
VI,2020-05-01,68
VI,2020-06-01,-2
VI,2020-07-01,6
VI,2020-08-01,40
VI,2020-09-01,38
VI,2020-10-01,33
VI,2020-11-01,6
VI,2020-12-01,9
VI,2021-01-01,51
VI,2021-02-01,3
VI,2021-03-01,16
VI,2021-04-01,-36
VI,2021-05-01,14
VI,2021-06-01,36
VI,2021-07-01,1
VI,2021-08-01,43
VI,2021-09-01,-23
VI,2021-10-01,-35
VI,2021-11-01,34
VI,2021-12-01,41
VI,2022-01-01,21
VI,2022-02-01,-6
VI,2022-03-01,-41
VI,2022-04-01,-48
VI,2022-05-01,-11
VI,2022-06-01,39
VI,2022-07-01,63
VI,2022-08-01,49
VI,2022-09-01,8
VI,2022-10-01,29
VI,2022-11-01,-1
VI,2022-12-01,0
VI,2023-01-01,17
VI,2023-02-01,13
VT,2018-12-01,-486
VT,2019-03-01,-267
VT,2019-04-01,93
VT,2019-05-01,-275
VT,2019-06-01,-764
VT,2019-07-01,-672
VT,2019-08-01,-955
VT,2019-09-01,-1467
VT,2019-10-01,-1292
VT,2019-11-01,-867
VT,2019-12-01,-331
VT,2020-01-01,-593
VT,2020-02-01,-308
VT,2020-03-01,224
VT,2020-04-01,373
VT,2020-05-01,137
VT,2020-06-01,-189
VT,2020-07-01,-280
VT,2020-08-01,-341
VT,2020-09-01,-552
VT,2020-10-01,-1007
VT,2020-11-01,-232
VT,2020-12-01,10
VT,2021-01-01,101
VT,2021-02-01,-72
VT,2021-03-01,-84
VT,2021-04-01,7
VT,2021-05-01,-363
VT,2021-06-01,-640
VT,2021-07-01,-657
VT,2021-08-01,-616
VT,2021-09-01,-993
VT,2021-10-01,-1119
VT,2021-11-01,-652
VT,2021-12-01,-208
VT,2022-01-01,-390
VT,2022-02-01,-199
VT,2022-03-01,-404
VT,2022-04-01,-21
VT,2022-05-01,-570
VT,2022-06-01,-1083
VT,2022-07-01,-937
VT,2022-08-01,-783
VT,2022-09-01,-792
VT,2022-10-01,-1092
VT,2022-11-01,-585
VT,2022-12-01,-703
VT,2023-01-01,-612
VT,2023-02-01,-779
WA,2018-12-01,-1265
WA,2019-03-01,-2381
WA,2019-04-01,-1389
WA,2019-05-01,-362
WA,2019-06-01,-1463
WA,2019-07-01,-2662
WA,2019-08-01,-2538
WA,2019-09-01,-3154
WA,2019-10-01,-3278
WA,2019-11-01,-2679
WA,2019-12-01,-1199
WA,2020-01-01,-2100
WA,2020-02-01,-2414
WA,2020-03-01,-2105
WA,2020-04-01,-1301
WA,2020-05-01,-204
WA,2020-06-01,-798
WA,2020-07-01,-2325
WA,2020-08-01,-2955
WA,2020-09-01,-3426
WA,2020-10-01,-4042
WA,2020-11-01,-2122
WA,2020-12-01,-2059
WA,2021-01-01,-2658
WA,2021-02-01,-2365
WA,2021-03-01,-3067
WA,2021-04-01,-2559
WA,2021-05-01,-1392
WA,2021-06-01,-2180
WA,2021-07-01,-3948
WA,2021-08-01,-3857
WA,2021-09-01,-4630
WA,2021-10-01,-5758
WA,2021-11-01,-5338
WA,2021-12-01,-3129
WA,2022-01-01,-3084
WA,2022-02-01,-4252
WA,2022-03-01,-5442
WA,2022-04-01,-5005
WA,2022-05-01,-4040
WA,2022-06-01,-5458
WA,2022-07-01,-5655
WA,2022-08-01,-7120
WA,2022-09-01,-6617
WA,2022-10-01,-5876
WA,2022-11-01,-4137
WA,2022-12-01,-2848
WA,2023-01-01,-4463
WA,2023-02-01,-4151
WI,2018-12-01,-4350
WI,2019-03-01,-3192
WI,2019-04-01,-1070
WI,2019-05-01,-3182
WI,2019-06-01,-5969
WI,2019-07-01,-6838
WI,2019-08-01,-7012
WI,2019-09-01,-7462
WI,2019-10-01,-7745
WI,2019-11-01,-5564
WI,2019-12-01,-4310
WI,2020-01-01,-4216
WI,2020-02-01,-3606
WI,2020-03-01,-222
WI,2020-04-01,-261
WI,2020-05-01,-309
WI,2020-06-01,-2564
WI,2020-07-01,-3286
WI,2020-08-01,-3819
WI,2020-09-01,-4514
WI,2020-10-01,-5165
WI,2020-11-01,-3335
WI,2020-12-01,-3218
WI,2021-01-01,-2855
WI,2021-02-01,-2340
WI,2021-03-01,-1892
WI,2021-04-01,139
WI,2021-05-01,-1875
WI,2021-06-01,-4594
WI,2021-07-01,-4975
WI,2021-08-01,-4592
WI,2021-09-01,-5598
WI,2021-10-01,-6146
WI,2021-11-01,-4150
WI,2021-12-01,-3715
WI,2022-01-01,-3827
WI,2022-02-01,-3570
WI,2022-03-01,-2988
WI,2022-04-01,-1434
WI,2022-05-01,-2689
WI,2022-06-01,-5091
WI,2022-07-01,-5268
WI,2022-08-01,-6349
WI,2022-09-01,-6940
WI,2022-10-01,-6864
WI,2022-11-01,-4354
WI,2022-12-01,-3959
WI,2023-01-01,-4233
WI,2023-02-01,-3595
WV,2018-12-01,-1236
WV,2019-03-01,-1340
WV,2019-04-01,-842
WV,2019-05-01,-1364
WV,2019-06-01,-1330
WV,2019-07-01,-1218
WV,2019-08-01,-1314
WV,2019-09-01,-1294
WV,2019-10-01,-1365
WV,2019-11-01,-1026
WV,2019-12-01,-727
WV,2020-01-01,-1109
WV,2020-02-01,-955
WV,2020-03-01,-353
WV,2020-04-01,-285
WV,2020-05-01,-477
WV,2020-06-01,-380
WV,2020-07-01,-619
WV,2020-08-01,-334
WV,2020-09-01,-341
WV,2020-10-01,-523
WV,2020-11-01,-574
WV,2020-12-01,-298
WV,2021-01-01,-658
WV,2021-02-01,-647
WV,2021-03-01,-300
WV,2021-04-01,-472
WV,2021-05-01,-880
WV,2021-06-01,-995
WV,2021-07-01,-1001
WV,2021-08-01,-874
WV,2021-09-01,-713
WV,2021-10-01,-762
WV,2021-11-01,-732
WV,2021-12-01,-824
WV,2022-01-01,-619
WV,2022-02-01,-633
WV,2022-03-01,-893
WV,2022-04-01,-736
WV,2022-05-01,-763
WV,2022-06-01,-863
WV,2022-07-01,-658
WV,2022-08-01,-1030
WV,2022-09-01,-879
WV,2022-10-01,-565
WV,2022-11-01,-623
WV,2022-12-01,-842
WV,2023-01-01,-1133
WV,2023-02-01,-792
WY,2018-12-01,-518
WY,2019-03-01,-407
WY,2019-04-01,-99
WY,2019-05-01,-301
WY,2019-06-01,-462
WY,2019-07-01,-553
WY,2019-08-01,-564
WY,2019-09-01,-676
WY,2019-10-01,-740
WY,2019-11-01,-531
WY,2019-12-01,-446
WY,2020-01-01,-632
WY,2020-02-01,-537
WY,2020-03-01,-393
WY,2020-04-01,20
WY,2020-05-01,-78
WY,2020-06-01,-137
WY,2020-07-01,-502
WY,2020-08-01,-87
WY,2020-09-01,-225
WY,2020-10-01,-473
WY,2020-11-01,-37
WY,2020-12-01,-199
WY,2021-01-01,-151
WY,2021-02-01,-189
WY,2021-03-01,-156
WY,2021-04-01,91
WY,2021-05-01,-143
WY,2021-06-01,-274
WY,2021-07-01,-131
WY,2021-08-01,-216
WY,2021-09-01,-301
WY,2021-10-01,-499
WY,2021-11-01,-144
WY,2021-12-01,-1
WY,2022-01-01,-198
WY,2022-02-01,-346
WY,2022-03-01,-106
WY,2022-04-01,252
WY,2022-05-01,125
WY,2022-06-01,-148
WY,2022-07-01,-112
WY,2022-08-01,-326
WY,2022-09-01,-587
WY,2022-10-01,-528
WY,2022-11-01,-284
WY,2022-12-01,-219
WY,2023-01-01,-231
WY,2023-02-01,-259
